,Name,ID,URL
0,Sea Lions BBQ & Grills,18767897,https://www.zomato.com/bangalore/sea-lions-bbq-grills-jayanagar-bangalore?zrp_bid=250574&zrp_pid=14&zrp_cid=334571&context=eyJjIjp7ImUiOlsxODc2Nzg5NywiMTg1Mzc1ODUiLCIxODYyMjI2OCIsIjE4MjAyOTkxIiwiNTU5MDgiLCI1MjQ1OSIsNTAzMDYsIjE4MTYwMDkzIiwiMTgzOTEwMjAiLCIxODM3NDUxNyIsIjE4NTM3ODE2Il0sInQiOiJCZW5nYWx1cnUmIzAzOTtzIEZpbmVzdCAifX0=
1,The Reservoire,18537585,https://www.zomato.com/bangalore/the-reservoire-koramangala-5th-block?zrp_bid=225037&zrp_pid=14&zrp_cid=319733&context=eyJjIjp7ImUiOlsiMTg3Njc4OTciLDE4NTM3NTg1LCIxODYyMjI2OCIsIjE4MjAyOTkxIiwiNTU5MDgiLCI1MjQ1OSIsNTAzMDYsIjE4MTYwMDkzIiwiMTgzOTEwMjAiLCIxODM3NDUxNyIsIjE4NTM3ODE2IiwiNTgyNjgiXSwidCI6IkJlbmdhbHVydSYjMDM5O3MgRmluZXN0ICJ9fQ==
2,Market Table,18622268,https://www.zomato.com/bangalore/market-table-koramangala-5th-block?zrp_bid=232388&zrp_pid=14&zrp_cid=324237&context=eyJjIjp7ImUiOlsiMTg3Njc4OTciLCIxODUzNzU4NSIsMTg2MjIyNjgsIjE4MjAyOTkxIiwiNTU5MDgiLCI1MjQ1OSIsNTAzMDYsIjE4MTYwMDkzIiwiMTgzOTEwMjAiLCIxODM3NDUxNyIsIjE4NTM3ODE2IiwiNTgyNjgiLDUwMDY2XSwidCI6IkJlbmdhbHVydSYjMDM5O3MgRmluZXN0ICJ9fQ==
3,"3B's - Buddies, Bar &...",18202991,https://www.zomato.com/bangalore/3bs-buddies-bar-barbecues-marathahalli?zrp_bid=211354&zrp_pid=14&zrp_cid=311251&context=eyJjIjp7ImUiOlsiMTg3Njc4OTciLCIxODUzNzU4NSIsIjE4NjIyMjY4IiwxODIwMjk5MSwiNTU5MDgiLCI1MjQ1OSIsNTAzMDYsIjE4MTYwMDkzIiwiMTgzOTEwMjAiLCIxODM3NDUxNyIsIjE4NTM3ODE2IiwiNTgyNjgiLDUwMDY2LCIxODY2OTI3MSJdLCJ0IjoiQmVuZ2FsdXJ1JiMwMzk7cyBGaW5lc3QgIn19
4,Alba - JW Marriott Bengaluru,55908,https://www.zomato.com/bangalore/alba-jw-marriott-bengaluru-lavelle-road?zrp_bid=224589&zrp_pid=14&zrp_cid=319438&context=eyJjIjp7ImUiOlsiMTg3Njc4OTciLCIxODUzNzU4NSIsIjE4NjIyMjY4IiwiMTgyMDI5OTEiLDU1OTA4LCI1MjQ1OSIsNTAzMDYsIjE4MTYwMDkzIiwiMTgzOTEwMjAiLCIxODM3NDUxNyIsIjE4NTM3ODE2IiwiNTgyNjgiLDUwMDY2LCIxODY2OTI3MSIsIjE4NTk0OTM3Il0sInQiOiJCZW5nYWx1cnUmIzAzOTtzIEZpbmVzdCAifX0=
5,CTR,52459,https://www.zomato.com/bangalore/ctr-malleshwaram-bangalore?zrp_bid=0&zrp_pid=14&context=eyJjIjp7ImUiOlsiMTg1Mzc1ODUiLCIxODYyMjI2OCIsIjE4MjAyOTkxIiwiNTU5MDgiLDUyNDU5LDUwMzA2LCIxODE2MDA5MyIsIjE4MzkxMDIwIiwiMTgzNzQ1MTciLCIxODUzNzgxNiIsIjU4MjY4Iiw1MDA2NiwiMTg2NjkyNzEiLCIxODU5NDkzNyIsIjE4NzEyMzk0Il0sInQiOiJCZW5nYWx1cnUmIzAzOTtzIEZpbmVzdCAifX0=
6,Corner House Ice Cream,50306,https://www.zomato.com/bangalore/restaurants/corner-house-ice-cream?filterby_collection_id=274852&zrp_bid=0&zrp_pid=14
7,Once Upon A Flame,18160093,https://www.zomato.com/bangalore/once-upon-a-flame-hsr?zrp_bid=0&zrp_pid=14&context=eyJjIjp7ImUiOlsiMTgyMDI5OTEiLCI1NTkwOCIsIjUyNDU5Iiw1MDMwNiwxODE2MDA5MywiMTgzOTEwMjAiLCIxODM3NDUxNyIsIjE4NTM3ODE2IiwiNTgyNjgiLDUwMDY2LCIxODY2OTI3MSIsIjE4NTk0OTM3IiwiMTg3MTIzOTQiLCIxODUyNjI3OSIsIjU0MzA5Il0sInQiOiJCZW5nYWx1cnUmIzAzOTtzIEZpbmVzdCAifX0=
8,Bloomsbury's Global Kitchen...,18391020,https://www.zomato.com/bangalore/bloomsburys-global-kitchen-bakehouse-whitefield-bangalore?zrp_bid=0&zrp_pid=14&context=eyJjIjp7ImUiOlsiNTU5MDgiLCI1MjQ1OSIsNTAzMDYsIjE4MTYwMDkzIiwxODM5MTAyMCwiMTgzNzQ1MTciLCIxODUzNzgxNiIsIjU4MjY4Iiw1MDA2NiwiMTg2NjkyNzEiLCIxODU5NDkzNyIsIjE4NzEyMzk0IiwiMTg1MjYyNzkiLCI1NDMwOSIsIjE4MjI0NjUwIl0sInQiOiJCZW5nYWx1cnUmIzAzOTtzIEZpbmVzdCAifX0=
9,Smoor,18374517,https://www.zomato.com/bangalore/smoor-indiranagar?zrp_bid=0&zrp_pid=14&context=eyJjIjp7ImUiOlsiNTI0NTkiLDUwMzA2LCIxODE2MDA5MyIsIjE4MzkxMDIwIiwxODM3NDUxNywiMTg1Mzc4MTYiLCI1ODI2OCIsNTAwNjYsIjE4NjY5MjcxIiwiMTg1OTQ5MzciLCIxODcxMjM5NCIsIjE4NTI2Mjc5IiwiNTQzMDkiLCIxODIyNDY1MCIsIjE4NjAzODIyIl0sInQiOiJCZW5nYWx1cnUmIzAzOTtzIEZpbmVzdCAifX0=
10,OKI,18537816,https://www.zomato.com/bangalore/oki-1-kammanahalli?zrp_bid=0&zrp_pid=14&context=eyJjIjp7ImUiOls1MDMwNiwiMTgxNjAwOTMiLCIxODM5MTAyMCIsIjE4Mzc0NTE3IiwxODUzNzgxNiwiNTgyNjgiLDUwMDY2LCIxODY2OTI3MSIsIjE4NTk0OTM3IiwiMTg3MTIzOTQiLCIxODUyNjI3OSIsIjU0MzA5IiwiMTgyMjQ2NTAiLCIxODYwMzgyMiIsIjE4NzcyNDk4Il0sInQiOiJCZW5nYWx1cnUmIzAzOTtzIEZpbmVzdCAifX0=
11,The Fatty Bao - Asian...,58268,https://www.zomato.com/bangalore/the-fatty-bao-asian-gastro-bar-indiranagar?zrp_bid=0&zrp_pid=14&context=eyJjIjp7ImUiOlsiMTgxNjAwOTMiLCIxODM5MTAyMCIsIjE4Mzc0NTE3IiwiMTg1Mzc4MTYiLDU4MjY4LDUwMDY2LCIxODY2OTI3MSIsIjE4NTk0OTM3IiwiMTg3MTIzOTQiLCIxODUyNjI3OSIsIjU0MzA5IiwiMTgyMjQ2NTAiLCIxODYwMzgyMiIsIjE4NzcyNDk4IiwiMTg2NjM4NzMiXSwidCI6IkJlbmdhbHVydSYjMDM5O3MgRmluZXN0ICJ9fQ==
12,Barbeque Nation,50066,https://www.zomato.com/bangalore/restaurants/barbeque-nation?filterby_collection_id=274852&zrp_bid=0&zrp_pid=14
13,Zamindar,18669271,https://www.zomato.com/bangalore/zamindar-kalyan-nagar-bangalore?zrp_bid=0&zrp_pid=14&context=eyJjIjp7ImUiOlsiMTgzNzQ1MTciLCIxODUzNzgxNiIsIjU4MjY4Iiw1MDA2NiwxODY2OTI3MSwiMTg1OTQ5MzciLCIxODcxMjM5NCIsIjE4NTI2Mjc5IiwiNTQzMDkiLCIxODIyNDY1MCIsIjE4NjAzODIyIiwiMTg3NzI0OTgiLCIxODY2Mzg3MyIsIjE4NjA1NDE3IiwiMTg2MTAzODMiXSwidCI6IkJlbmdhbHVydSYjMDM5O3MgRmluZXN0ICJ9fQ==
14,Big Wong XL,18594937,https://www.zomato.com/bangalore/big-wong-xl-koramangala-5th-block?zrp_bid=0&zrp_pid=14&context=eyJjIjp7ImUiOlsiMTg1Mzc4MTYiLCI1ODI2OCIsNTAwNjYsIjE4NjY5MjcxIiwxODU5NDkzNywiMTg3MTIzOTQiLCIxODUyNjI3OSIsIjU0MzA5IiwiMTgyMjQ2NTAiLCIxODYwMzgyMiIsIjE4NzcyNDk4IiwiMTg2NjM4NzMiLCIxODYwNTQxNyIsIjE4NjEwMzgzIiwiNTA1NjUiXSwidCI6IkJlbmdhbHVydSYjMDM5O3MgRmluZXN0ICJ9fQ==
15,99 Pancakes,18712394,https://www.zomato.com/bangalore/99-pancakes-1-koramangala-5th-block-bangalore?zrp_bid=0&zrp_pid=14&context=eyJjIjp7ImUiOlsiNTgyNjgiLDUwMDY2LCIxODY2OTI3MSIsIjE4NTk0OTM3IiwxODcxMjM5NCwiMTg1MjYyNzkiLCI1NDMwOSIsIjE4MjI0NjUwIiwiMTg2MDM4MjIiLCIxODc3MjQ5OCIsIjE4NjYzODczIiwiMTg2MDU0MTciLCIxODYxMDM4MyIsIjUwNTY1IiwiMTg2MDI4ODAiXSwidCI6IkJlbmdhbHVydSYjMDM5O3MgRmluZXN0ICJ9fQ==
16,The Globe Grub,18526279,https://www.zomato.com/bangalore/the-globe-grub-marathahalli?zrp_bid=0&zrp_pid=14&context=eyJjIjp7ImUiOls1MDA2NiwiMTg2NjkyNzEiLCIxODU5NDkzNyIsIjE4NzEyMzk0IiwxODUyNjI3OSwiNTQzMDkiLCIxODIyNDY1MCIsIjE4NjAzODIyIiwiMTg3NzI0OTgiLCIxODY2Mzg3MyIsIjE4NjA1NDE3IiwiMTg2MTAzODMiLCI1MDU2NSIsIjE4NjAyODgwIiwiMTg3MzI2NjUiXSwidCI6IkJlbmdhbHVydSYjMDM5O3MgRmluZXN0ICJ9fQ==
17,Sharon Tea Stall,54309,https://www.zomato.com/bangalore/sharon-tea-stall-thippasandra?zrp_bid=0&zrp_pid=14&context=eyJjIjp7ImUiOlsiMTg2NjkyNzEiLCIxODU5NDkzNyIsIjE4NzEyMzk0IiwiMTg1MjYyNzkiLDU0MzA5LCIxODIyNDY1MCIsIjE4NjAzODIyIiwiMTg3NzI0OTgiLCIxODY2Mzg3MyIsIjE4NjA1NDE3IiwiMTg2MTAzODMiLCI1MDU2NSIsIjE4NjAyODgwIiwiMTg3MzI2NjUiLCI1NzgzMyJdLCJ0IjoiQmVuZ2FsdXJ1JiMwMzk7cyBGaW5lc3QgIn19
18,Brik Oven,18224650,https://www.zomato.com/bangalore/brik-oven-church-street?zrp_bid=0&zrp_pid=14&context=eyJjIjp7ImUiOlsiMTg1OTQ5MzciLCIxODcxMjM5NCIsIjE4NTI2Mjc5IiwiNTQzMDkiLDE4MjI0NjUwLCIxODYwMzgyMiIsIjE4NzcyNDk4IiwiMTg2NjM4NzMiLCIxODYwNTQxNyIsIjE4NjEwMzgzIiwiNTA1NjUiLCIxODYwMjg4MCIsIjE4NzMyNjY1IiwiNTc4MzMiLCIxODMwNDc1NyJdLCJ0IjoiQmVuZ2FsdXJ1JiMwMzk7cyBGaW5lc3QgIn19
19,The Pizza Bakery,18603822,https://www.zomato.com/bangalore/the-pizza-bakery-1-indiranagar?zrp_bid=0&zrp_pid=14&context=eyJjIjp7ImUiOlsiMTg3MTIzOTQiLCIxODUyNjI3OSIsIjU0MzA5IiwiMTgyMjQ2NTAiLDE4NjAzODIyLCIxODc3MjQ5OCIsIjE4NjYzODczIiwiMTg2MDU0MTciLCIxODYxMDM4MyIsIjUwNTY1IiwiMTg2MDI4ODAiLCIxODczMjY2NSIsIjU3ODMzIiwiMTgzMDQ3NTciLCI1MTcwNSJdLCJ0IjoiQmVuZ2FsdXJ1JiMwMzk7cyBGaW5lc3QgIn19
20,HOMMS,18772498,https://www.zomato.com/bangalore/homms-marathahalli-bangalore?zrp_bid=0&zrp_pid=14&context=eyJjIjp7ImUiOlsiMTg1MjYyNzkiLCI1NDMwOSIsIjE4MjI0NjUwIiwiMTg2MDM4MjIiLDE4NzcyNDk4LCIxODY2Mzg3MyIsIjE4NjA1NDE3IiwiMTg2MTAzODMiLCI1MDU2NSIsIjE4NjAyODgwIiwiMTg3MzI2NjUiLCI1NzgzMyIsIjE4MzA0NzU3IiwiNTE3MDUiLDE4NDY4ODQzXSwidCI6IkJlbmdhbHVydSYjMDM5O3MgRmluZXN0ICJ9fQ==
21,Pin Me Down,18663873,https://www.zomato.com/bangalore/pin-me-down-btm-bangalore?zrp_bid=0&zrp_pid=14&context=eyJjIjp7ImUiOlsiNTQzMDkiLCIxODIyNDY1MCIsIjE4NjAzODIyIiwiMTg3NzI0OTgiLDE4NjYzODczLCIxODYwNTQxNyIsIjE4NjEwMzgzIiwiNTA1NjUiLCIxODYwMjg4MCIsIjE4NzMyNjY1IiwiNTc4MzMiLCIxODMwNDc1NyIsIjUxNzA1IiwxODQ2ODg0Myw1ODg4Ml0sInQiOiJCZW5nYWx1cnUmIzAzOTtzIEZpbmVzdCAifX0=
22,Brooks and Bonds Brewery,18605417,https://www.zomato.com/bangalore/brooks-and-bonds-brewery-koramangala-5th-block?zrp_bid=0&zrp_pid=14&context=eyJjIjp7ImUiOlsiMTgyMjQ2NTAiLCIxODYwMzgyMiIsIjE4NzcyNDk4IiwiMTg2NjM4NzMiLDE4NjA1NDE3LCIxODYxMDM4MyIsIjUwNTY1IiwiMTg2MDI4ODAiLCIxODczMjY2NSIsIjU3ODMzIiwiMTgzMDQ3NTciLCI1MTcwNSIsMTg0Njg4NDMsNTg4ODIsIjE4NjYxMDk0Il0sInQiOiJCZW5nYWx1cnUmIzAzOTtzIEZpbmVzdCAifX0=
23,Arogya Ahaara,18610383,https://www.zomato.com/bangalore/arogya-ahaara-hsr?zrp_bid=0&zrp_pid=14&context=eyJjIjp7ImUiOlsiMTg2MDM4MjIiLCIxODc3MjQ5OCIsIjE4NjYzODczIiwiMTg2MDU0MTciLDE4NjEwMzgzLCI1MDU2NSIsIjE4NjAyODgwIiwiMTg3MzI2NjUiLCI1NzgzMyIsIjE4MzA0NzU3IiwiNTE3MDUiLDE4NDY4ODQzLDU4ODgyLCIxODY2MTA5NCIsIjE4NTgwMjAyIl0sInQiOiJCZW5nYWx1cnUmIzAzOTtzIEZpbmVzdCAifX0=
24,Karavalli - The Gateway Hotel,50565,https://www.zomato.com/bangalore/karavalli-the-gateway-hotel-residency-road?zrp_bid=0&zrp_pid=14&context=eyJjIjp7ImUiOlsiMTg3NzI0OTgiLCIxODY2Mzg3MyIsIjE4NjA1NDE3IiwiMTg2MTAzODMiLDUwNTY1LCIxODYwMjg4MCIsIjE4NzMyNjY1IiwiNTc4MzMiLCIxODMwNDc1NyIsIjUxNzA1IiwxODQ2ODg0Myw1ODg4MiwiMTg2NjEwOTQiLCIxODU4MDIwMiIsIjUwOTQzIl0sInQiOiJCZW5nYWx1cnUmIzAzOTtzIEZpbmVzdCAifX0=
25,Drunkling - Sizzlers and Pub,18602880,https://www.zomato.com/bangalore/drunkling-sizzlers-and-pub-koramangala-5th-block?zrp_bid=0&zrp_pid=14&context=eyJjIjp7ImUiOlsiMTg2NjM4NzMiLCIxODYwNTQxNyIsIjE4NjEwMzgzIiwiNTA1NjUiLDE4NjAyODgwLCIxODczMjY2NSIsIjU3ODMzIiwiMTgzMDQ3NTciLCI1MTcwNSIsMTg0Njg4NDMsNTg4ODIsIjE4NjYxMDk0IiwiMTg1ODAyMDIiLCI1MDk0MyIsIjE4NDU1NTcxIl0sInQiOiJCZW5nYWx1cnUmIzAzOTtzIEZpbmVzdCAifX0=
26,Barbecue by Punjab Grill,18732665,https://www.zomato.com/bangalore/barbecue-by-punjab-grill-malleshwaram-bangalore?zrp_bid=0&zrp_pid=14&context=eyJjIjp7ImUiOlsiMTg2MDU0MTciLCIxODYxMDM4MyIsIjUwNTY1IiwiMTg2MDI4ODAiLDE4NzMyNjY1LCI1NzgzMyIsIjE4MzA0NzU3IiwiNTE3MDUiLDE4NDY4ODQzLDU4ODgyLCIxODY2MTA5NCIsIjE4NTgwMjAyIiwiNTA5NDMiLCIxODQ1NTU3MSIsIjE4Njc1NDU5Il0sInQiOiJCZW5nYWx1cnUmIzAzOTtzIEZpbmVzdCAifX0=
27,Big Pitcher,57833,https://www.zomato.com/bangalore/big-pitcher-airport-road?zrp_bid=0&zrp_pid=14&context=eyJjIjp7ImUiOlsiMTg2MTAzODMiLCI1MDU2NSIsIjE4NjAyODgwIiwiMTg3MzI2NjUiLDU3ODMzLCIxODMwNDc1NyIsIjUxNzA1IiwxODQ2ODg0Myw1ODg4MiwiMTg2NjEwOTQiLCIxODU4MDIwMiIsIjUwOTQzIiwiMTg0NTU1NzEiLCIxODY3NTQ1OSIsIjE4NDc5MTk5Il0sInQiOiJCZW5nYWx1cnUmIzAzOTtzIEZpbmVzdCAifX0=
28,Toscano,18304757,https://www.zomato.com/bangalore/toscano-koramangala-7th-block?zrp_bid=0&zrp_pid=14&context=eyJjIjp7ImUiOlsiNTA1NjUiLCIxODYwMjg4MCIsIjE4NzMyNjY1IiwiNTc4MzMiLDE4MzA0NzU3LCI1MTcwNSIsMTg0Njg4NDMsNTg4ODIsIjE4NjYxMDk0IiwiMTg1ODAyMDIiLCI1MDk0MyIsIjE4NDU1NTcxIiwiMTg2NzU0NTkiLCIxODQ3OTE5OSIsIjE4NjkwMjMxIl0sInQiOiJCZW5nYWx1cnUmIzAzOTtzIEZpbmVzdCAifX0=
29,Toit,51705,https://www.zomato.com/bangalore/toit-indiranagar?zrp_bid=0&zrp_pid=14&context=eyJjIjp7ImUiOlsiMTg2MDI4ODAiLCIxODczMjY2NSIsIjU3ODMzIiwiMTgzMDQ3NTciLDUxNzA1LDE4NDY4ODQzLDU4ODgyLCIxODY2MTA5NCIsIjE4NTgwMjAyIiwiNTA5NDMiLCIxODQ1NTU3MSIsIjE4Njc1NDU5IiwiMTg0NzkxOTkiLCIxODY5MDIzMSIsIjE4NDMwNzg1Il0sInQiOiJCZW5nYWx1cnUmIzAzOTtzIEZpbmVzdCAifX0=
30,Apsara Ice Cream,18468843,https://www.zomato.com/bangalore/restaurants/apsara-ice-cream?filterby_collection_id=274852&zrp_bid=0&zrp_pid=14
31,Byg Brewski Brewing Company,58882,https://www.zomato.com/bangalore/restaurants/byg-brewski-brewing-company?filterby_collection_id=274852&zrp_bid=0&zrp_pid=14
32,Feast - Sheraton Grand...,18661094,https://www.zomato.com/bangalore/feast-sheraton-grand-bengaluru-whitefield-hotel-convention-centre-whitefield-bangalore?zrp_bid=0&zrp_pid=14&context=eyJjIjp7ImUiOlsiMTgzMDQ3NTciLCI1MTcwNSIsMTg0Njg4NDMsNTg4ODIsMTg2NjEwOTQsIjE4NTgwMjAyIiwiNTA5NDMiLCIxODQ1NTU3MSIsIjE4Njc1NDU5IiwiMTg0NzkxOTkiLCIxODY5MDIzMSIsIjE4NDMwNzg1IiwiMTg1ODU3MzMiLCIxODMyMzEyNiIsIjE4NDM5NjM0Il0sInQiOiJCZW5nYWx1cnUmIzAzOTtzIEZpbmVzdCAifX0=
33,1131 Bar + Kitchen,18580202,https://www.zomato.com/bangalore/1131-bar-kitchen-indiranagar-bangalore?zrp_bid=0&zrp_pid=14&context=eyJjIjp7ImUiOlsiNTE3MDUiLDE4NDY4ODQzLDU4ODgyLCIxODY2MTA5NCIsMTg1ODAyMDIsIjUwOTQzIiwiMTg0NTU1NzEiLCIxODY3NTQ1OSIsIjE4NDc5MTk5IiwiMTg2OTAyMzEiLCIxODQzMDc4NSIsIjE4NTg1NzMzIiwiMTgzMjMxMjYiLCIxODQzOTYzNCIsIjE4NjI4ODk3Il0sInQiOiJCZW5nYWx1cnUmIzAzOTtzIEZpbmVzdCAifX0=
34,Sultans of Spice,50943,https://www.zomato.com/bangalore/sultans-of-spice-koramangala-5th-block?zrp_bid=0&zrp_pid=14&context=eyJjIjp7ImUiOlsxODQ2ODg0Myw1ODg4MiwiMTg2NjEwOTQiLCIxODU4MDIwMiIsNTA5NDMsIjE4NDU1NTcxIiwiMTg2NzU0NTkiLCIxODQ3OTE5OSIsIjE4NjkwMjMxIiwiMTg0MzA3ODUiLCIxODU4NTczMyIsIjE4MzIzMTI2IiwiMTg0Mzk2MzQiLCIxODYyODg5NyIsIjE4NzA0Nzk1Il0sInQiOiJCZW5nYWx1cnUmIzAzOTtzIEZpbmVzdCAifX0=
35,Sly Granny - The Community...,18455571,https://www.zomato.com/bangalore/sly-granny-the-community-house-indiranagar?zrp_bid=0&zrp_pid=14&context=eyJjIjp7ImUiOls1ODg4MiwiMTg2NjEwOTQiLCIxODU4MDIwMiIsIjUwOTQzIiwxODQ1NTU3MSwiMTg2NzU0NTkiLCIxODQ3OTE5OSIsIjE4NjkwMjMxIiwiMTg0MzA3ODUiLCIxODU4NTczMyIsIjE4MzIzMTI2IiwiMTg0Mzk2MzQiLCIxODYyODg5NyIsIjE4NzA0Nzk1IiwiMTg0MjYzODEiXSwidCI6IkJlbmdhbHVydSYjMDM5O3MgRmluZXN0ICJ9fQ==
36,Shakes Theory,18675459,https://www.zomato.com/bangalore/shakes-theory-1-jayanagar-bangalore?zrp_bid=0&zrp_pid=14&context=eyJjIjp7ImUiOlsiMTg2NjEwOTQiLCIxODU4MDIwMiIsIjUwOTQzIiwiMTg0NTU1NzEiLDE4Njc1NDU5LCIxODQ3OTE5OSIsIjE4NjkwMjMxIiwiMTg0MzA3ODUiLCIxODU4NTczMyIsIjE4MzIzMTI2IiwiMTg0Mzk2MzQiLCIxODYyODg5NyIsIjE4NzA0Nzk1IiwiMTg0MjYzODEiLCI1MDc0MiJdLCJ0IjoiQmVuZ2FsdXJ1JiMwMzk7cyBGaW5lc3QgIn19
37,IceBreakers,18479199,https://www.zomato.com/bangalore/icebreakers-koramangala-6th-block?zrp_bid=0&zrp_pid=14&context=eyJjIjp7ImUiOlsiMTg1ODAyMDIiLCI1MDk0MyIsIjE4NDU1NTcxIiwiMTg2NzU0NTkiLDE4NDc5MTk5LCIxODY5MDIzMSIsIjE4NDMwNzg1IiwiMTg1ODU3MzMiLCIxODMyMzEyNiIsIjE4NDM5NjM0IiwiMTg2Mjg4OTciLCIxODcwNDc5NSIsIjE4NDI2MzgxIiwiNTA3NDIiLCIxODUzNDM5NiJdLCJ0IjoiQmVuZ2FsdXJ1JiMwMzk7cyBGaW5lc3QgIn19
38,Aligarh House,18690231,https://www.zomato.com/aligarh-house?zrp_bid=0&zrp_pid=14&context=eyJjIjp7ImUiOlsiNTA5NDMiLCIxODQ1NTU3MSIsIjE4Njc1NDU5IiwiMTg0NzkxOTkiLDE4NjkwMjMxLCIxODQzMDc4NSIsIjE4NTg1NzMzIiwiMTgzMjMxMjYiLCIxODQzOTYzNCIsIjE4NjI4ODk3IiwiMTg3MDQ3OTUiLCIxODQyNjM4MSIsIjUwNzQyIiwiMTg1MzQzOTYiLCIxODM5Njc4MiJdLCJ0IjoiQmVuZ2FsdXJ1JiMwMzk7cyBGaW5lc3QgIn19
39,Communiti,18430785,https://www.zomato.com/bangalore/communiti-residency-road?zrp_bid=0&zrp_pid=14&context=eyJjIjp7ImUiOlsiMTg0NTU1NzEiLCIxODY3NTQ1OSIsIjE4NDc5MTk5IiwiMTg2OTAyMzEiLDE4NDMwNzg1LCIxODU4NTczMyIsIjE4MzIzMTI2IiwiMTg0Mzk2MzQiLCIxODYyODg5NyIsIjE4NzA0Nzk1IiwiMTg0MjYzODEiLCI1MDc0MiIsIjE4NTM0Mzk2IiwiMTgzOTY3ODIiLDUwODEyXSwidCI6IkJlbmdhbHVydSYjMDM5O3MgRmluZXN0ICJ9fQ==
40,Vapour Brewpub and Diner,18585733,https://www.zomato.com/bangalore/vapour-brewpub-and-diner-sarjapur-road?zrp_bid=0&zrp_pid=14&context=eyJjIjp7ImUiOlsiMTg2NzU0NTkiLCIxODQ3OTE5OSIsIjE4NjkwMjMxIiwiMTg0MzA3ODUiLDE4NTg1NzMzLCIxODMyMzEyNiIsIjE4NDM5NjM0IiwiMTg2Mjg4OTciLCIxODcwNDc5NSIsIjE4NDI2MzgxIiwiNTA3NDIiLCIxODUzNDM5NiIsIjE4Mzk2NzgyIiw1MDgxMiwiMTg1NDM1NDYiXSwidCI6IkJlbmdhbHVydSYjMDM5O3MgRmluZXN0ICJ9fQ==
41,Fabelle Chocolate Boutique...,18323126,https://www.zomato.com/bangalore/fabelle-chocolate-boutique-itc-gardenia-richmond-road-bangalore?zrp_bid=0&zrp_pid=14&context=eyJjIjp7ImUiOlsiMTg0NzkxOTkiLCIxODY5MDIzMSIsIjE4NDMwNzg1IiwiMTg1ODU3MzMiLDE4MzIzMTI2LCIxODQzOTYzNCIsIjE4NjI4ODk3IiwiMTg3MDQ3OTUiLCIxODQyNjM4MSIsIjUwNzQyIiwiMTg1MzQzOTYiLCIxODM5Njc4MiIsNTA4MTIsIjE4NTQzNTQ2IiwiMTg1ODEwODkiXSwidCI6IkJlbmdhbHVydSYjMDM5O3MgRmluZXN0ICJ9fQ==
42,ECHOES Koramangala,18439634,https://www.zomato.com/bangalore/echoes-koramangala-koramangala-5th-block?zrp_bid=0&zrp_pid=14&context=eyJjIjp7ImUiOlsiMTg2OTAyMzEiLCIxODQzMDc4NSIsIjE4NTg1NzMzIiwiMTgzMjMxMjYiLDE4NDM5NjM0LCIxODYyODg5NyIsIjE4NzA0Nzk1IiwiMTg0MjYzODEiLCI1MDc0MiIsIjE4NTM0Mzk2IiwiMTgzOTY3ODIiLDUwODEyLCIxODU0MzU0NiIsIjE4NTgxMDg5IiwiMTgyNzAxNjMiXSwidCI6IkJlbmdhbHVydSYjMDM5O3MgRmluZXN0ICJ9fQ==
43,Avista Cafe Pizzeria,18628897,https://www.zomato.com/bangalore/avista-cafe-pizzeria-hennur-bangalore?zrp_bid=0&zrp_pid=14&context=eyJjIjp7ImUiOlsiMTg0MzA3ODUiLCIxODU4NTczMyIsIjE4MzIzMTI2IiwiMTg0Mzk2MzQiLDE4NjI4ODk3LCIxODcwNDc5NSIsIjE4NDI2MzgxIiwiNTA3NDIiLCIxODUzNDM5NiIsIjE4Mzk2NzgyIiw1MDgxMiwiMTg1NDM1NDYiLCIxODU4MTA4OSIsIjE4MjcwMTYzIiwiNTgzNDkiXSwidCI6IkJlbmdhbHVydSYjMDM5O3MgRmluZXN0ICJ9fQ==
44,Output Bengaluru,18704795,https://www.zomato.com/bangalore/output-bengaluru-marathahalli-bangalore?zrp_bid=0&zrp_pid=14&context=eyJjIjp7ImUiOlsiMTg1ODU3MzMiLCIxODMyMzEyNiIsIjE4NDM5NjM0IiwiMTg2Mjg4OTciLDE4NzA0Nzk1LCIxODQyNjM4MSIsIjUwNzQyIiwiMTg1MzQzOTYiLCIxODM5Njc4MiIsNTA4MTIsIjE4NTQzNTQ2IiwiMTg1ODEwODkiLCIxODI3MDE2MyIsIjU4MzQ5IiwiMTg0NzY0NjciXSwidCI6IkJlbmdhbHVydSYjMDM5O3MgRmluZXN0ICJ9fQ==
45,Brewklyn Microbrewery,18426381,https://www.zomato.com/bangalore/brewklyn-microbrewery-1-kalyan-nagar?zrp_bid=0&zrp_pid=14&context=eyJjIjp7ImUiOlsiMTgzMjMxMjYiLCIxODQzOTYzNCIsIjE4NjI4ODk3IiwiMTg3MDQ3OTUiLDE4NDI2MzgxLCI1MDc0MiIsIjE4NTM0Mzk2IiwiMTgzOTY3ODIiLDUwODEyLCIxODU0MzU0NiIsIjE4NTgxMDg5IiwiMTgyNzAxNjMiLCI1ODM0OSIsIjE4NDc2NDY3IiwiMTg0OTQwNjQiXSwidCI6IkJlbmdhbHVydSYjMDM5O3MgRmluZXN0ICJ9fQ==
46,Olive Bar And Kitchen,50742,https://www.zomato.com/bangalore/olive-bar-and-kitchen-richmond-road?zrp_bid=0&zrp_pid=14&context=eyJjIjp7ImUiOlsiMTg0Mzk2MzQiLCIxODYyODg5NyIsIjE4NzA0Nzk1IiwiMTg0MjYzODEiLDUwNzQyLCIxODUzNDM5NiIsIjE4Mzk2NzgyIiw1MDgxMiwiMTg1NDM1NDYiLCIxODU4MTA4OSIsIjE4MjcwMTYzIiwiNTgzNDkiLCIxODQ3NjQ2NyIsIjE4NDk0MDY0IiwiMTg3ODU0NTgiXSwidCI6IkJlbmdhbHVydSYjMDM5O3MgRmluZXN0ICJ9fQ==
47,Oota Bangalore,18534396,https://www.zomato.com/bangalore/oota-bangalore-whitefield?zrp_bid=0&zrp_pid=14&context=eyJjIjp7ImUiOlsiMTg2Mjg4OTciLCIxODcwNDc5NSIsIjE4NDI2MzgxIiwiNTA3NDIiLDE4NTM0Mzk2LCIxODM5Njc4MiIsNTA4MTIsIjE4NTQzNTQ2IiwiMTg1ODEwODkiLCIxODI3MDE2MyIsIjU4MzQ5IiwiMTg0NzY0NjciLCIxODQ5NDA2NCIsIjE4Nzg1NDU4Iiw1ODQxM10sInQiOiJCZW5nYWx1cnUmIzAzOTtzIEZpbmVzdCAifX0=
48,Jalsa Gold,18396782,https://www.zomato.com/bangalore/jalsa-gold-marathahalli?zrp_bid=0&zrp_pid=14&context=eyJjIjp7ImUiOlsiMTg3MDQ3OTUiLCIxODQyNjM4MSIsIjUwNzQyIiwiMTg1MzQzOTYiLDE4Mzk2NzgyLDUwODEyLCIxODU0MzU0NiIsIjE4NTgxMDg5IiwiMTgyNzAxNjMiLCI1ODM0OSIsIjE4NDc2NDY3IiwiMTg0OTQwNjQiLCIxODc4NTQ1OCIsNTg0MTMsIjE4NjE0OTU5Il0sInQiOiJCZW5nYWx1cnUmIzAzOTtzIEZpbmVzdCAifX0=
49,Polar Bear,50812,https://www.zomato.com/bangalore/restaurants/polar-bear?filterby_collection_id=274852&zrp_bid=0&zrp_pid=14
50,Mugful Of Stories,18543546,https://www.zomato.com/bangalore/mugful-of-stories-kalyan-nagar?zrp_bid=0&zrp_pid=14&context=eyJjIjp7ImUiOlsiNTA3NDIiLCIxODUzNDM5NiIsIjE4Mzk2NzgyIiw1MDgxMiwxODU0MzU0NiwiMTg1ODEwODkiLCIxODI3MDE2MyIsIjU4MzQ5IiwiMTg0NzY0NjciLCIxODQ5NDA2NCIsIjE4Nzg1NDU4Iiw1ODQxMywiMTg2MTQ5NTkiLDU3MzU1LCI1NDEyNyJdLCJ0IjoiQmVuZ2FsdXJ1JiMwMzk7cyBGaW5lc3QgIn19
51,Punjab Grill,18581089,https://www.zomato.com/bangalore/punjab-grill-malleshwaram?zrp_bid=0&zrp_pid=14&context=eyJjIjp7ImUiOlsiMTg1MzQzOTYiLCIxODM5Njc4MiIsNTA4MTIsIjE4NTQzNTQ2IiwxODU4MTA4OSwiMTgyNzAxNjMiLCI1ODM0OSIsIjE4NDc2NDY3IiwiMTg0OTQwNjQiLCIxODc4NTQ1OCIsNTg0MTMsIjE4NjE0OTU5Iiw1NzM1NSwiNTQxMjciLCI1NDUwMyJdLCJ0IjoiQmVuZ2FsdXJ1JiMwMzk7cyBGaW5lc3QgIn19
52,Roots,18270163,https://www.zomato.com/bangalore/roots-koramangala-1st-block?zrp_bid=0&zrp_pid=14&context=eyJjIjp7ImUiOlsiMTgzOTY3ODIiLDUwODEyLCIxODU0MzU0NiIsIjE4NTgxMDg5IiwxODI3MDE2MywiNTgzNDkiLCIxODQ3NjQ2NyIsIjE4NDk0MDY0IiwiMTg3ODU0NTgiLDU4NDEzLCIxODYxNDk1OSIsNTczNTUsIjU0MTI3IiwiNTQ1MDMiLDYxMTExXSwidCI6IkJlbmdhbHVydSYjMDM5O3MgRmluZXN0ICJ9fQ==
53,Buff Buffet Buff,58349,https://www.zomato.com/bangalore/buff-buffet-buff-koramangala-5th-block?zrp_bid=0&zrp_pid=14&context=eyJjIjp7ImUiOls1MDgxMiwiMTg1NDM1NDYiLCIxODU4MTA4OSIsIjE4MjcwMTYzIiw1ODM0OSwiMTg0NzY0NjciLCIxODQ5NDA2NCIsIjE4Nzg1NDU4Iiw1ODQxMywiMTg2MTQ5NTkiLDU3MzU1LCI1NDEyNyIsIjU0NTAzIiw2MTExMSw1NzQzOF0sInQiOiJCZW5nYWx1cnUmIzAzOTtzIEZpbmVzdCAifX0=
54,Nasi And Mee,18476467,https://www.zomato.com/bangalore/nasi-and-mee-whitefield?zrp_bid=0&zrp_pid=14&context=eyJjIjp7ImUiOlsiMTg1NDM1NDYiLCIxODU4MTA4OSIsIjE4MjcwMTYzIiwiNTgzNDkiLDE4NDc2NDY3LCIxODQ5NDA2NCIsIjE4Nzg1NDU4Iiw1ODQxMywiMTg2MTQ5NTkiLDU3MzU1LCI1NDEyNyIsIjU0NTAzIiw2MTExMSw1NzQzOCwiMTgzNTMxMjciXSwidCI6IkJlbmdhbHVydSYjMDM5O3MgRmluZXN0ICJ9fQ==
55,MISU,18494064,https://www.zomato.com/bangalore/misu-st-marks-road?zrp_bid=0&zrp_pid=14&context=eyJjIjp7ImUiOlsiMTg1ODEwODkiLCIxODI3MDE2MyIsIjU4MzQ5IiwiMTg0NzY0NjciLDE4NDk0MDY0LCIxODc4NTQ1OCIsNTg0MTMsIjE4NjE0OTU5Iiw1NzM1NSwiNTQxMjciLCI1NDUwMyIsNjExMTEsNTc0MzgsIjE4MzUzMTI3IiwiNTQwNDQiXSwidCI6IkJlbmdhbHVydSYjMDM5O3MgRmluZXN0ICJ9fQ==
56,Suryawanshi,18785458,https://www.zomato.com/bangalore/suryawanshi-sarjapur-road-bangalore?zrp_bid=0&zrp_pid=14&context=eyJjIjp7ImUiOlsiMTgyNzAxNjMiLCI1ODM0OSIsIjE4NDc2NDY3IiwiMTg0OTQwNjQiLDE4Nzg1NDU4LDU4NDEzLCIxODYxNDk1OSIsNTczNTUsIjU0MTI3IiwiNTQ1MDMiLDYxMTExLDU3NDM4LCIxODM1MzEyNyIsIjU0MDQ0Iiw1MDcyMl0sInQiOiJCZW5nYWx1cnUmIzAzOTtzIEZpbmVzdCAifX0=
57,Gilly's Restobar,58413,https://www.zomato.com/bangalore/restaurants/gillys-restobar?filterby_collection_id=274852&zrp_bid=0&zrp_pid=14
58,OPUS Club,18614959,https://www.zomato.com/bangalore/opus-club-1-sarjapur-road?zrp_bid=0&zrp_pid=14&context=eyJjIjp7ImUiOlsiMTg0NzY0NjciLCIxODQ5NDA2NCIsIjE4Nzg1NDU4Iiw1ODQxMywxODYxNDk1OSw1NzM1NSwiNTQxMjciLCI1NDUwMyIsNjExMTEsNTc0MzgsIjE4MzUzMTI3IiwiNTQwNDQiLDUwNzIyLCI1MjIxOSIsIjE4Nzk1OTUxIl0sInQiOiJCZW5nYWx1cnUmIzAzOTtzIEZpbmVzdCAifX0=
59,The Boozy Griffin,57355,https://www.zomato.com/bangalore/restaurants/the-boozy-griffin?filterby_collection_id=274852&zrp_bid=0&zrp_pid=14
60,Fenny's Lounge And Kitchen,54127,https://www.zomato.com/bangalore/fennys-lounge-and-kitchen-koramangala-7th-block?zrp_bid=0&zrp_pid=14&context=eyJjIjp7ImUiOlsiMTg3ODU0NTgiLDU4NDEzLCIxODYxNDk1OSIsNTczNTUsNTQxMjcsIjU0NTAzIiw2MTExMSw1NzQzOCwiMTgzNTMxMjciLCI1NDA0NCIsNTA3MjIsIjUyMjE5IiwiMTg3OTU5NTEiLDUzNTkwLCI1NTA1MCJdLCJ0IjoiQmVuZ2FsdXJ1JiMwMzk7cyBGaW5lc3QgIn19
61,Prost Brew Pub,54503,https://www.zomato.com/bangalore/prost-brew-pub-koramangala-4th-block?zrp_bid=0&zrp_pid=14&context=eyJjIjp7ImUiOls1ODQxMywiMTg2MTQ5NTkiLDU3MzU1LCI1NDEyNyIsNTQ1MDMsNjExMTEsNTc0MzgsIjE4MzUzMTI3IiwiNTQwNDQiLDUwNzIyLCI1MjIxOSIsIjE4Nzk1OTUxIiw1MzU5MCwiNTUwNTAiLCIxODgwMjY5NiJdLCJ0IjoiQmVuZ2FsdXJ1JiMwMzk7cyBGaW5lc3QgIn19
62,Milano Ice Cream,61111,https://www.zomato.com/bangalore/restaurants/milano-ice-cream?filterby_collection_id=274852&zrp_bid=0&zrp_pid=14
63,Social,57438,https://www.zomato.com/bangalore/restaurants/social?filterby_collection_id=274852&zrp_bid=0&zrp_pid=14
64,Delhi Highway,18353127,https://www.zomato.com/bangalore/delhi-highway-indiranagar?zrp_bid=0&zrp_pid=14&context=eyJjIjp7ImUiOlsiNTQxMjciLCI1NDUwMyIsNjExMTEsNTc0MzgsMTgzNTMxMjcsIjU0MDQ0Iiw1MDcyMiwiNTIyMTkiLCIxODc5NTk1MSIsNTM1OTAsIjU1MDUwIiwiMTg4MDI2OTYiLDE4MzA4NzU2LCIxODI4NzQzMyIsIjE4NzYyNjk5Il0sInQiOiJCZW5nYWx1cnUmIzAzOTtzIEZpbmVzdCAifX0=
65,The Hole in the Wall Cafe,54044,https://www.zomato.com/bangalore/the-hole-in-the-wall-cafe-koramangala-4th-block?zrp_bid=0&zrp_pid=14&context=eyJjIjp7ImUiOlsiNTQ1MDMiLDYxMTExLDU3NDM4LCIxODM1MzEyNyIsNTQwNDQsNTA3MjIsIjUyMjE5IiwiMTg3OTU5NTEiLDUzNTkwLCI1NTA1MCIsIjE4ODAyNjk2IiwxODMwODc1NiwiMTgyODc0MzMiLCIxODc2MjY5OSIsNTg1NzZdLCJ0IjoiQmVuZ2FsdXJ1JiMwMzk7cyBGaW5lc3QgIn19
66,Natural Ice Cream,50722,https://www.zomato.com/bangalore/restaurants/natural-ice-cream?filterby_collection_id=274852&zrp_bid=0&zrp_pid=14
67,Republic Of Noodles - Lemon...,52219,https://www.zomato.com/bangalore/republic-of-noodles-lemon-tree-premier-ulsoor?zrp_bid=0&zrp_pid=14&context=eyJjIjp7ImUiOls1NzQzOCwiMTgzNTMxMjciLCI1NDA0NCIsNTA3MjIsNTIyMTksIjE4Nzk1OTUxIiw1MzU5MCwiNTUwNTAiLCIxODgwMjY5NiIsMTgzMDg3NTYsIjE4Mjg3NDMzIiwiMTg3NjI2OTkiLDU4NTc2LCIxODcwMTc1NiIsIjUzNTc5Il0sInQiOiJCZW5nYWx1cnUmIzAzOTtzIEZpbmVzdCAifX0=
68,Mahjong Room - WelcomHotel...,18795951,https://www.zomato.com/bangalore/mahjong-room-welcomhotel-bengaluru-richmond-road-bangalore?zrp_bid=0&zrp_pid=14&context=eyJjIjp7ImUiOlsiMTgzNTMxMjciLCI1NDA0NCIsNTA3MjIsIjUyMjE5IiwxODc5NTk1MSw1MzU5MCwiNTUwNTAiLCIxODgwMjY5NiIsMTgzMDg3NTYsIjE4Mjg3NDMzIiwiMTg3NjI2OTkiLDU4NTc2LCIxODcwMTc1NiIsIjUzNTc5IiwxODM1MzEyMV0sInQiOiJCZW5nYWx1cnUmIzAzOTtzIEZpbmVzdCAifX0=
69,Chili's American Grill & Bar,53590,https://www.zomato.com/bangalore/restaurants/chilis-american-grill-bar?filterby_collection_id=274852&zrp_bid=0&zrp_pid=14
70,O.G. Variar & Sons,55050,https://www.zomato.com/bangalore/o-g-variar-sons-rajajinagar?zrp_bid=0&zrp_pid=14&context=eyJjIjp7ImUiOls1MDcyMiwiNTIyMTkiLCIxODc5NTk1MSIsNTM1OTAsNTUwNTAsIjE4ODAyNjk2IiwxODMwODc1NiwiMTgyODc0MzMiLCIxODc2MjY5OSIsNTg1NzYsIjE4NzAxNzU2IiwiNTM1NzkiLDE4MzUzMTIxLCIxODAyMjI2OSIsNTQzOTddLCJ0IjoiQmVuZ2FsdXJ1JiMwMzk7cyBGaW5lc3QgIn19
71,Tree Tops Bar & Kitchen,18802696,https://www.zomato.com/bangalore/tree-tops-bar-kitchen-lavelle-road-bangalore?zrp_bid=0&zrp_pid=14&context=eyJjIjp7ImUiOlsiNTIyMTkiLCIxODc5NTk1MSIsNTM1OTAsIjU1MDUwIiwxODgwMjY5NiwxODMwODc1NiwiMTgyODc0MzMiLCIxODc2MjY5OSIsNTg1NzYsIjE4NzAxNzU2IiwiNTM1NzkiLDE4MzUzMTIxLCIxODAyMjI2OSIsNTQzOTcsIjE4NzEzMzQyIl0sInQiOiJCZW5nYWx1cnUmIzAzOTtzIEZpbmVzdCAifX0=
72,Hammered,18308756,https://www.zomato.com/bangalore/restaurants/hammered?filterby_collection_id=274852&zrp_bid=0&zrp_pid=14
73,The Permit Room,18287433,https://www.zomato.com/bangalore/the-permit-room-brigade-road-bangalore?zrp_bid=0&zrp_pid=14&context=eyJjIjp7ImUiOls1MzU5MCwiNTUwNTAiLCIxODgwMjY5NiIsMTgzMDg3NTYsMTgyODc0MzMsIjE4NzYyNjk5Iiw1ODU3NiwiMTg3MDE3NTYiLCI1MzU3OSIsMTgzNTMxMjEsIjE4MDIyMjY5Iiw1NDM5NywiMTg3MTMzNDIiLDUxMDM4LCI1MDQ2MiJdLCJ0IjoiQmVuZ2FsdXJ1JiMwMzk7cyBGaW5lc3QgIn19
74,Rolls & Bowls,18762699,https://www.zomato.com/bangalore/rolls-bowls-brookefield-bangalore?zrp_bid=0&zrp_pid=14&context=eyJjIjp7ImUiOlsiNTUwNTAiLCIxODgwMjY5NiIsMTgzMDg3NTYsIjE4Mjg3NDMzIiwxODc2MjY5OSw1ODU3NiwiMTg3MDE3NTYiLCI1MzU3OSIsMTgzNTMxMjEsIjE4MDIyMjY5Iiw1NDM5NywiMTg3MTMzNDIiLDUxMDM4LCI1MDQ2MiIsIjE4ODAxMzUyIl0sInQiOiJCZW5nYWx1cnUmIzAzOTtzIEZpbmVzdCAifX0=
75,Taaza Thindi,58576,https://www.zomato.com/bangalore/restaurants/taaza-thindi?filterby_collection_id=274852&zrp_bid=0&zrp_pid=14
76,The Blue Wagon - Kitchen,18701756,https://www.zomato.com/bangalore/the-blue-wagon-kitchen-jayanagar-bangalore?zrp_bid=0&zrp_pid=14&context=eyJjIjp7ImUiOlsxODMwODc1NiwiMTgyODc0MzMiLCIxODc2MjY5OSIsNTg1NzYsMTg3MDE3NTYsIjUzNTc5IiwxODM1MzEyMSwiMTgwMjIyNjkiLDU0Mzk3LCIxODcxMzM0MiIsNTEwMzgsIjUwNDYyIiwiMTg4MDEzNTIiLCIxODU4NjIwNyIsMTg2MTIzNDhdLCJ0IjoiQmVuZ2FsdXJ1JiMwMzk7cyBGaW5lc3QgIn19
77,Lavonne,53579,https://www.zomato.com/bangalore/lavonne-indiranagar?zrp_bid=0&zrp_pid=14&context=eyJjIjp7ImUiOlsiMTgyODc0MzMiLCIxODc2MjY5OSIsNTg1NzYsIjE4NzAxNzU2Iiw1MzU3OSwxODM1MzEyMSwiMTgwMjIyNjkiLDU0Mzk3LCIxODcxMzM0MiIsNTEwMzgsIjUwNDYyIiwiMTg4MDEzNTIiLCIxODU4NjIwNyIsMTg2MTIzNDgsIjU0MDk3Il0sInQiOiJCZW5nYWx1cnUmIzAzOTtzIEZpbmVzdCAifX0=
78,Flechazo,18353121,https://www.zomato.com/bangalore/restaurants/flechazo?filterby_collection_id=274852&zrp_bid=0&zrp_pid=14
79,Stoner,18022269,https://www.zomato.com/bangalore/stoner-koramangala-5th-block?zrp_bid=0&zrp_pid=14&context=eyJjIjp7ImUiOls1ODU3NiwiMTg3MDE3NTYiLCI1MzU3OSIsMTgzNTMxMjEsMTgwMjIyNjksNTQzOTcsIjE4NzEzMzQyIiw1MTAzOCwiNTA0NjIiLCIxODgwMTM1MiIsIjE4NTg2MjA3IiwxODYxMjM0OCwiNTQwOTciLCIxODI2MDA2MyIsIjUyMDk4Il0sInQiOiJCZW5nYWx1cnUmIzAzOTtzIEZpbmVzdCAifX0=
80,Smoke House Deli,54397,https://www.zomato.com/bangalore/restaurants/smoke-house-deli?filterby_collection_id=274852&zrp_bid=0&zrp_pid=14
81,One For The Road,18713342,https://www.zomato.com/bangalore/one-for-the-road-nagawara-bangalore?zrp_bid=0&zrp_pid=14&context=eyJjIjp7ImUiOlsiNTM1NzkiLDE4MzUzMTIxLCIxODAyMjI2OSIsNTQzOTcsMTg3MTMzNDIsNTEwMzgsIjUwNDYyIiwiMTg4MDEzNTIiLCIxODU4NjIwNyIsMTg2MTIzNDgsIjU0MDk3IiwiMTgyNjAwNjMiLCI1MjA5OCIsIjUwNDcxIiw1NjYxOF0sInQiOiJCZW5nYWx1cnUmIzAzOTtzIEZpbmVzdCAifX0=
82,Truffles,51038,https://www.zomato.com/bangalore/restaurants/truffles?filterby_collection_id=274852&zrp_bid=0&zrp_pid=14
83,Hard Rock Cafe,50462,https://www.zomato.com/bangalore/hard-rock-cafe-st-marks-road?zrp_bid=0&zrp_pid=14&context=eyJjIjp7ImUiOlsiMTgwMjIyNjkiLDU0Mzk3LCIxODcxMzM0MiIsNTEwMzgsNTA0NjIsIjE4ODAxMzUyIiwiMTg1ODYyMDciLDE4NjEyMzQ4LCI1NDA5NyIsIjE4MjYwMDYzIiwiNTIwOTgiLCI1MDQ3MSIsNTY2MTgsIjE4NjMwNjc4Iiw1MzIxMV0sInQiOiJCZW5nYWx1cnUmIzAzOTtzIEZpbmVzdCAifX0=
84,Punjab Grill,18801352,https://www.zomato.com/bangalore/punjab-grill-whitefield-bangalore?zrp_bid=0&zrp_pid=14&context=eyJjIjp7ImUiOls1NDM5NywiMTg3MTMzNDIiLDUxMDM4LCI1MDQ2MiIsMTg4MDEzNTIsIjE4NTg2MjA3IiwxODYxMjM0OCwiNTQwOTciLCIxODI2MDA2MyIsIjUyMDk4IiwiNTA0NzEiLDU2NjE4LCIxODYzMDY3OCIsNTMyMTEsIjYwNzczIl0sInQiOiJCZW5nYWx1cnUmIzAzOTtzIEZpbmVzdCAifX0=
85,The Terrace at Gilly's...,18586207,https://www.zomato.com/bangalore/the-terrace-at-gillys-redefined-koramangala-4th-block?zrp_bid=0&zrp_pid=14&context=eyJjIjp7ImUiOlsiMTg3MTMzNDIiLDUxMDM4LCI1MDQ2MiIsIjE4ODAxMzUyIiwxODU4NjIwNywxODYxMjM0OCwiNTQwOTciLCIxODI2MDA2MyIsIjUyMDk4IiwiNTA0NzEiLDU2NjE4LCIxODYzMDY3OCIsNTMyMTEsIjYwNzczIiwiNTA4NTciXSwidCI6IkJlbmdhbHVydSYjMDM5O3MgRmluZXN0ICJ9fQ==
86,XO Belgian Waffle,18612348,https://www.zomato.com/bangalore/restaurants/xo-belgian-waffle?filterby_collection_id=274852&zrp_bid=0&zrp_pid=14
87,Arbor Brewing Company,54097,https://www.zomato.com/ArborBrewIndia?zrp_bid=0&zrp_pid=14&context=eyJjIjp7ImUiOlsiNTA0NjIiLCIxODgwMTM1MiIsIjE4NTg2MjA3IiwxODYxMjM0OCw1NDA5NywiMTgyNjAwNjMiLCI1MjA5OCIsIjUwNDcxIiw1NjYxOCwiMTg2MzA2NzgiLDUzMjExLCI2MDc3MyIsIjUwODU3IiwiMTg3NDQzMjYiLDE4NTQ4MjkzXSwidCI6IkJlbmdhbHVydSYjMDM5O3MgRmluZXN0ICJ9fQ==
88,Toast & Tonic,18260063,https://www.zomato.com/bangalore/toast-tonic-richmond-road-bangalore?zrp_bid=0&zrp_pid=14&context=eyJjIjp7ImUiOlsiMTg4MDEzNTIiLCIxODU4NjIwNyIsMTg2MTIzNDgsIjU0MDk3IiwxODI2MDA2MywiNTIwOTgiLCI1MDQ3MSIsNTY2MTgsIjE4NjMwNjc4Iiw1MzIxMSwiNjA3NzMiLCI1MDg1NyIsIjE4NzQ0MzI2IiwxODU0ODI5MywiNTc3MzAiXSwidCI6IkJlbmdhbHVydSYjMDM5O3MgRmluZXN0ICJ9fQ==
89,Brahmin's Coffee Bar,52098,https://www.zomato.com/bangalore/brahmins-coffee-bar-basavanagudi?zrp_bid=0&zrp_pid=14&context=eyJjIjp7ImUiOlsiMTg1ODYyMDciLDE4NjEyMzQ4LCI1NDA5NyIsIjE4MjYwMDYzIiw1MjA5OCwiNTA0NzEiLDU2NjE4LCIxODYzMDY3OCIsNTMyMTEsIjYwNzczIiwiNTA4NTciLCIxODc0NDMyNiIsMTg1NDgyOTMsIjU3NzMwIiwiMTg2ODI0MzMiXSwidCI6IkJlbmdhbHVydSYjMDM5O3MgRmluZXN0ICJ9fQ==
90,Empire Restaurant,50471,https://www.zomato.com/bangalore/empire-restaurant-shivajinagar?zrp_bid=0&zrp_pid=14&context=eyJjIjp7ImUiOlsxODYxMjM0OCwiNTQwOTciLCIxODI2MDA2MyIsIjUyMDk4Iiw1MDQ3MSw1NjYxOCwiMTg2MzA2NzgiLDUzMjExLCI2MDc3MyIsIjUwODU3IiwiMTg3NDQzMjYiLDE4NTQ4MjkzLCI1NzczMCIsIjE4NjgyNDMzIiwiMTgzMTczMjAiXSwidCI6IkJlbmdhbHVydSYjMDM5O3MgRmluZXN0ICJ9fQ==
91,AB's - Absolute Barbecues,56618,https://www.zomato.com/bangalore/restaurants/abs-absolute-barbecues?filterby_collection_id=274852&zrp_bid=0&zrp_pid=14
92,Bengaluru Cafe,18630678,https://www.zomato.com/bangalore/bengaluru-cafe-jayanagar?zrp_bid=0&zrp_pid=14&context=eyJjIjp7ImUiOlsiMTgyNjAwNjMiLCI1MjA5OCIsIjUwNDcxIiw1NjYxOCwxODYzMDY3OCw1MzIxMSwiNjA3NzMiLCI1MDg1NyIsIjE4NzQ0MzI2IiwxODU0ODI5MywiNTc3MzAiLCIxODY4MjQzMyIsIjE4MzE3MzIwIiwiNTg4MTgiLCI1MDg3OSJdLCJ0IjoiQmVuZ2FsdXJ1JiMwMzk7cyBGaW5lc3QgIn19
93,Chianti,53211,https://www.zomato.com/bangalore/restaurants/chianti?filterby_collection_id=274852&zrp_bid=0&zrp_pid=14
94,Siddiqu Kabab Center,60773,https://www.zomato.com/bangalore/siddiqu-kabab-center-richmond-road?zrp_bid=0&zrp_pid=14&context=eyJjIjp7ImUiOlsiNTA0NzEiLDU2NjE4LCIxODYzMDY3OCIsNTMyMTEsNjA3NzMsIjUwODU3IiwiMTg3NDQzMjYiLDE4NTQ4MjkzLCI1NzczMCIsIjE4NjgyNDMzIiwiMTgzMTczMjAiLCI1ODgxOCIsIjUwODc5IiwiNjE1NzkiLCIxODcyNzkwNiJdLCJ0IjoiQmVuZ2FsdXJ1JiMwMzk7cyBGaW5lc3QgIn19
95,Rim Naam - The Oberoi,50857,https://www.zomato.com/bangalore/rim-naam-the-oberoi-mg-road-bangalore?zrp_bid=0&zrp_pid=14&context=eyJjIjp7ImUiOls1NjYxOCwiMTg2MzA2NzgiLDUzMjExLCI2MDc3MyIsNTA4NTcsIjE4NzQ0MzI2IiwxODU0ODI5MywiNTc3MzAiLCIxODY4MjQzMyIsIjE4MzE3MzIwIiwiNTg4MTgiLCI1MDg3OSIsIjYxNTc5IiwiMTg3Mjc5MDYiLCIxODc4MzUyNyJdLCJ0IjoiQmVuZ2FsdXJ1JiMwMzk7cyBGaW5lc3QgIn19
96,The Old Fashioned Bar,18744326,https://www.zomato.com/bangalore/the-old-fashioned-bar-koramangala-6th-block-bangalore?zrp_bid=0&zrp_pid=14&context=eyJjIjp7ImUiOlsiMTg2MzA2NzgiLDUzMjExLCI2MDc3MyIsIjUwODU3IiwxODc0NDMyNiwxODU0ODI5MywiNTc3MzAiLCIxODY4MjQzMyIsIjE4MzE3MzIwIiwiNTg4MTgiLCI1MDg3OSIsIjYxNTc5IiwiMTg3Mjc5MDYiLCIxODc4MzUyNyIsIjUwNjYzIl0sInQiOiJCZW5nYWx1cnUmIzAzOTtzIEZpbmVzdCAifX0=
97,eat.fit,18548293,https://www.zomato.com/bangalore/restaurants/eat-fit?filterby_collection_id=274852&zrp_bid=0&zrp_pid=14
98,Caperberry,57730,https://www.zomato.com/bangalore/caperberry-lavelle-road?zrp_bid=0&zrp_pid=14&context=eyJjIjp7ImUiOlsiNjA3NzMiLCI1MDg1NyIsIjE4NzQ0MzI2IiwxODU0ODI5Myw1NzczMCwiMTg2ODI0MzMiLCIxODMxNzMyMCIsIjU4ODE4IiwiNTA4NzkiLCI2MTU3OSIsIjE4NzI3OTA2IiwiMTg3ODM1MjciLCI1MDY2MyIsIjE4NDcwNzg0IiwiMTg2MTMzMTMiXSwidCI6IkJlbmdhbHVydSYjMDM5O3MgRmluZXN0ICJ9fQ==
99,Bologna,18682433,https://www.zomato.com/bangalore/bologna-indiranagar-bangalore?zrp_bid=0&zrp_pid=14&context=eyJjIjp7ImUiOlsiNTA4NTciLCIxODc0NDMyNiIsMTg1NDgyOTMsIjU3NzMwIiwxODY4MjQzMywiMTgzMTczMjAiLCI1ODgxOCIsIjUwODc5IiwiNjE1NzkiLCIxODcyNzkwNiIsIjE4NzgzNTI3IiwiNTA2NjMiLCIxODQ3MDc4NCIsIjE4NjEzMzEzIiwxODMxMzUzMV0sInQiOiJCZW5nYWx1cnUmIzAzOTtzIEZpbmVzdCAifX0=
100,Here & Now,18317320,https://www.zomato.com/bangalore/here-now-hsr?zrp_bid=0&zrp_pid=14&context=eyJjIjp7ImUiOlsiMTg3NDQzMjYiLDE4NTQ4MjkzLCI1NzczMCIsIjE4NjgyNDMzIiwxODMxNzMyMCwiNTg4MTgiLCI1MDg3OSIsIjYxNTc5IiwiMTg3Mjc5MDYiLCIxODc4MzUyNyIsIjUwNjYzIiwiMTg0NzA3ODQiLCIxODYxMzMxMyIsMTgzMTM1MzEsNTQxNjJdLCJ0IjoiQmVuZ2FsdXJ1JiMwMzk7cyBGaW5lc3QgIn19
101,BelgYum,58818,https://www.zomato.com/bangalore/belgyum-whitefield?zrp_bid=0&zrp_pid=14&context=eyJjIjp7ImUiOlsxODU0ODI5MywiNTc3MzAiLCIxODY4MjQzMyIsIjE4MzE3MzIwIiw1ODgxOCwiNTA4NzkiLCI2MTU3OSIsIjE4NzI3OTA2IiwiMTg3ODM1MjciLCI1MDY2MyIsIjE4NDcwNzg0IiwiMTg2MTMzMTMiLDE4MzEzNTMxLDU0MTYyLDE4Njg3Nzg4XSwidCI6IkJlbmdhbHVydSYjMDM5O3MgRmluZXN0ICJ9fQ==
102,Sea Rock,50879,https://www.zomato.com/bangalore/sea-rock-seshadripuram?zrp_bid=0&zrp_pid=14&context=eyJjIjp7ImUiOlsiNTc3MzAiLCIxODY4MjQzMyIsIjE4MzE3MzIwIiwiNTg4MTgiLDUwODc5LCI2MTU3OSIsIjE4NzI3OTA2IiwiMTg3ODM1MjciLCI1MDY2MyIsIjE4NDcwNzg0IiwiMTg2MTMzMTMiLDE4MzEzNTMxLDU0MTYyLDE4Njg3Nzg4LCI1NjU0MiJdLCJ0IjoiQmVuZ2FsdXJ1JiMwMzk7cyBGaW5lc3QgIn19
103,Lot Like Crepes,61579,https://www.zomato.com/bangalore/lot-like-crepes-koramangala-7th-block?zrp_bid=0&zrp_pid=14&context=eyJjIjp7ImUiOlsiMTg2ODI0MzMiLCIxODMxNzMyMCIsIjU4ODE4IiwiNTA4NzkiLDYxNTc5LCIxODcyNzkwNiIsIjE4NzgzNTI3IiwiNTA2NjMiLCIxODQ3MDc4NCIsIjE4NjEzMzEzIiwxODMxMzUzMSw1NDE2MiwxODY4Nzc4OCwiNTY1NDIiLDE4NTc4Nzk4XSwidCI6IkJlbmdhbHVydSYjMDM5O3MgRmluZXN0ICJ9fQ==
104,XOOX Brewmill,18727906,https://www.zomato.com/bangalore/xoox-brewmill-koramangala-5th-block-bangalore?zrp_bid=0&zrp_pid=14&context=eyJjIjp7ImUiOlsiMTgzMTczMjAiLCI1ODgxOCIsIjUwODc5IiwiNjE1NzkiLDE4NzI3OTA2LCIxODc4MzUyNyIsIjUwNjYzIiwiMTg0NzA3ODQiLCIxODYxMzMxMyIsMTgzMTM1MzEsNTQxNjIsMTg2ODc3ODgsIjU2NTQyIiwxODU3ODc5OCwiMTg4MDI0NjAiXSwidCI6IkJlbmdhbHVydSYjMDM5O3MgRmluZXN0ICJ9fQ==
105,Hunger Camp,18783527,https://www.zomato.com/bangalore/hunger-camp-jp-nagar-bangalore?zrp_bid=0&zrp_pid=14&context=eyJjIjp7ImUiOlsiNTg4MTgiLCI1MDg3OSIsIjYxNTc5IiwiMTg3Mjc5MDYiLDE4NzgzNTI3LCI1MDY2MyIsIjE4NDcwNzg0IiwiMTg2MTMzMTMiLDE4MzEzNTMxLDU0MTYyLDE4Njg3Nzg4LCI1NjU0MiIsMTg1Nzg3OTgsIjE4ODAyNDYwIiwiNTIwMDIiXSwidCI6IkJlbmdhbHVydSYjMDM5O3MgRmluZXN0ICJ9fQ==
106,Mavalli Tiffin Room (MTR),50663,https://www.zomato.com/bangalore/mavalli-tiffin-room-mtr-basavanagudi?zrp_bid=0&zrp_pid=14&context=eyJjIjp7ImUiOlsiNTA4NzkiLCI2MTU3OSIsIjE4NzI3OTA2IiwiMTg3ODM1MjciLDUwNjYzLCIxODQ3MDc4NCIsIjE4NjEzMzEzIiwxODMxMzUzMSw1NDE2MiwxODY4Nzc4OCwiNTY1NDIiLDE4NTc4Nzk4LCIxODgwMjQ2MCIsIjUyMDAyIiwiMTgzOTgzODciXSwidCI6IkJlbmdhbHVydSYjMDM5O3MgRmluZXN0ICJ9fQ==
107,Sidewalk Bar & Kitchen,18470784,https://www.zomato.com/bangalore/sidewalk-bar-kitchen-marathahalli?zrp_bid=0&zrp_pid=14&context=eyJjIjp7ImUiOlsiNjE1NzkiLCIxODcyNzkwNiIsIjE4NzgzNTI3IiwiNTA2NjMiLDE4NDcwNzg0LCIxODYxMzMxMyIsMTgzMTM1MzEsNTQxNjIsMTg2ODc3ODgsIjU2NTQyIiwxODU3ODc5OCwiMTg4MDI0NjAiLCI1MjAwMiIsIjE4Mzk4Mzg3IiwiMTg1MDM3NjgiXSwidCI6IkJlbmdhbHVydSYjMDM5O3MgRmluZXN0ICJ9fQ==
108,HVR Veg,18613313,https://www.zomato.com/bangalore/hvr-veg-seshadripuram-bangalore?zrp_bid=0&zrp_pid=14&context=eyJjIjp7ImUiOlsiMTg3Mjc5MDYiLCIxODc4MzUyNyIsIjUwNjYzIiwiMTg0NzA3ODQiLDE4NjEzMzEzLDE4MzEzNTMxLDU0MTYyLDE4Njg3Nzg4LCI1NjU0MiIsMTg1Nzg3OTgsIjE4ODAyNDYwIiwiNTIwMDIiLCIxODM5ODM4NyIsIjE4NTAzNzY4IiwiMTgyNTQ1OTciXSwidCI6IkJlbmdhbHVydSYjMDM5O3MgRmluZXN0ICJ9fQ==
109,Biergarten,18313531,https://www.zomato.com/bangalore/restaurants/biergarten?filterby_collection_id=274852&zrp_bid=0&zrp_pid=14
110,The Black Pearl,54162,https://www.zomato.com/bangalore/restaurants/the-black-pearl?filterby_collection_id=274852&zrp_bid=0&zrp_pid=14
111,Black Deer,18687788,https://www.zomato.com/bangalore/restaurants/black-deer?filterby_collection_id=274852&zrp_bid=0&zrp_pid=14
112,Dyu Art Cafe,56542,https://www.zomato.com/bangalore/dyu-art-cafe-koramangala-5th-block?zrp_bid=0&zrp_pid=14&context=eyJjIjp7ImUiOlsiMTg2MTMzMTMiLDE4MzEzNTMxLDU0MTYyLDE4Njg3Nzg4LDU2NTQyLDE4NTc4Nzk4LCIxODgwMjQ2MCIsIjUyMDAyIiwiMTgzOTgzODciLCIxODUwMzc2OCIsIjE4MjU0NTk3IiwiMTg0OTI5MTAiLCIxODQzMTA0MSIsMTgzMjM2MzAsIjE4NDIzNDQwIl0sInQiOiJCZW5nYWx1cnUmIzAzOTtzIEZpbmVzdCAifX0=
113,TBC Sky Lounge,18578798,https://www.zomato.com/bangalore/restaurants/tbc-sky-lounge?filterby_collection_id=274852&zrp_bid=0&zrp_pid=14
114,You Mee,18802460,https://www.zomato.com/bangalore/you-mee-whitefield-bangalore?zrp_bid=0&zrp_pid=14&context=eyJjIjp7ImUiOls1NDE2MiwxODY4Nzc4OCwiNTY1NDIiLDE4NTc4Nzk4LDE4ODAyNDYwLCI1MjAwMiIsIjE4Mzk4Mzg3IiwiMTg1MDM3NjgiLCIxODI1NDU5NyIsIjE4NDkyOTEwIiwiMTg0MzEwNDEiLDE4MzIzNjMwLCIxODQyMzQ0MCIsNTk4NDAsNTA2MzNdLCJ0IjoiQmVuZ2FsdXJ1JiMwMzk7cyBGaW5lc3QgIn19
115,Veena Stores,52002,https://www.zomato.com/bangalore/veena-stores-malleshwaram?zrp_bid=0&zrp_pid=14&context=eyJjIjp7ImUiOlsxODY4Nzc4OCwiNTY1NDIiLDE4NTc4Nzk4LCIxODgwMjQ2MCIsNTIwMDIsIjE4Mzk4Mzg3IiwiMTg1MDM3NjgiLCIxODI1NDU5NyIsIjE4NDkyOTEwIiwiMTg0MzEwNDEiLDE4MzIzNjMwLCIxODQyMzQ0MCIsNTk4NDAsNTA2MzMsMTgzNDYzNjVdLCJ0IjoiQmVuZ2FsdXJ1JiMwMzk7cyBGaW5lc3QgIn19
116,PurpleBasil.in,18398387,https://www.zomato.com/bangalore/purplebasil-in-indiranagar-bangalore?zrp_bid=0&zrp_pid=14&context=eyJjIjp7ImUiOlsiNTY1NDIiLDE4NTc4Nzk4LCIxODgwMjQ2MCIsIjUyMDAyIiwxODM5ODM4NywiMTg1MDM3NjgiLCIxODI1NDU5NyIsIjE4NDkyOTEwIiwiMTg0MzEwNDEiLDE4MzIzNjMwLCIxODQyMzQ0MCIsNTk4NDAsNTA2MzMsMTgzNDYzNjUsIjE4NzgyMjk5Il0sInQiOiJCZW5nYWx1cnUmIzAzOTtzIEZpbmVzdCAifX0=
117,Namma SLN,18503768,https://www.zomato.com/bangalore/namma-sln-basavanagudi?zrp_bid=0&zrp_pid=14&context=eyJjIjp7ImUiOlsxODU3ODc5OCwiMTg4MDI0NjAiLCI1MjAwMiIsIjE4Mzk4Mzg3IiwxODUwMzc2OCwiMTgyNTQ1OTciLCIxODQ5MjkxMCIsIjE4NDMxMDQxIiwxODMyMzYzMCwiMTg0MjM0NDAiLDU5ODQwLDUwNjMzLDE4MzQ2MzY1LCIxODc4MjI5OSIsIjE4MzY2NjY0Il0sInQiOiJCZW5nYWx1cnUmIzAzOTtzIEZpbmVzdCAifX0=
118,Brew and Barbeque - A...,18254597,https://www.zomato.com/bangalore/brew-and-barbeque-a-microbrewery-pub-marathahalli-bangalore?zrp_bid=0&zrp_pid=14&context=eyJjIjp7ImUiOlsiMTg4MDI0NjAiLCI1MjAwMiIsIjE4Mzk4Mzg3IiwiMTg1MDM3NjgiLDE4MjU0NTk3LCIxODQ5MjkxMCIsIjE4NDMxMDQxIiwxODMyMzYzMCwiMTg0MjM0NDAiLDU5ODQwLDUwNjMzLDE4MzQ2MzY1LCIxODc4MjI5OSIsIjE4MzY2NjY0IiwiNTM4NzIiXSwidCI6IkJlbmdhbHVydSYjMDM5O3MgRmluZXN0ICJ9fQ==
119,Red Rhino,18492910,https://www.zomato.com/bangalore/red-rhino-whitefield?zrp_bid=0&zrp_pid=14&context=eyJjIjp7ImUiOlsiNTIwMDIiLCIxODM5ODM4NyIsIjE4NTAzNzY4IiwiMTgyNTQ1OTciLDE4NDkyOTEwLCIxODQzMTA0MSIsMTgzMjM2MzAsIjE4NDIzNDQwIiw1OTg0MCw1MDYzMywxODM0NjM2NSwiMTg3ODIyOTkiLCIxODM2NjY2NCIsIjUzODcyIiwiNTU0NTMiXSwidCI6IkJlbmdhbHVydSYjMDM5O3MgRmluZXN0ICJ9fQ==
120,Bamboo Hut,18431041,https://www.zomato.com/bangalore/bamboo-hut-nagarbhavi?zrp_bid=0&zrp_pid=14&context=eyJjIjp7ImUiOlsiMTgzOTgzODciLCIxODUwMzc2OCIsIjE4MjU0NTk3IiwiMTg0OTI5MTAiLDE4NDMxMDQxLDE4MzIzNjMwLCIxODQyMzQ0MCIsNTk4NDAsNTA2MzMsMTgzNDYzNjUsIjE4NzgyMjk5IiwiMTgzNjY2NjQiLCI1Mzg3MiIsIjU1NDUzIiwiMTg2MjE4ODAiXSwidCI6IkJlbmdhbHVydSYjMDM5O3MgRmluZXN0ICJ9fQ==
121,House Of Commons,18323630,https://www.zomato.com/bangalore/restaurants/house-of-commons?filterby_collection_id=274852&zrp_bid=0&zrp_pid=14
122,Float,18423440,https://www.zomato.com/bangalore/float-marathahalli?zrp_bid=0&zrp_pid=14&context=eyJjIjp7ImUiOlsiMTgyNTQ1OTciLCIxODQ5MjkxMCIsIjE4NDMxMDQxIiwxODMyMzYzMCwxODQyMzQ0MCw1OTg0MCw1MDYzMywxODM0NjM2NSwiMTg3ODIyOTkiLCIxODM2NjY2NCIsIjUzODcyIiwiNTU0NTMiLCIxODYyMTg4MCIsIjE4NzY1MTE5IiwiMTg2NjQ5OTUiXSwidCI6IkJlbmdhbHVydSYjMDM5O3MgRmluZXN0ICJ9fQ==
123,Onesta,59840,https://www.zomato.com/bangalore/restaurants/onesta?filterby_collection_id=274852&zrp_bid=0&zrp_pid=14
124,Mainland China,50633,https://www.zomato.com/bangalore/restaurants/mainland-china?filterby_collection_id=274852&zrp_bid=0&zrp_pid=14
125,Galito's,18346365,https://www.zomato.com/bangalore/restaurants/galitos?filterby_collection_id=274852&zrp_bid=0&zrp_pid=14
126,BITEBOX,18782299,https://www.zomato.com/bangalore/bitebox-marathahalli-bangalore?zrp_bid=0&zrp_pid=14&context=eyJjIjp7ImUiOlsiMTg0MjM0NDAiLDU5ODQwLDUwNjMzLDE4MzQ2MzY1LDE4NzgyMjk5LCIxODM2NjY2NCIsIjUzODcyIiwiNTU0NTMiLCIxODYyMTg4MCIsIjE4NzY1MTE5IiwiMTg2NjQ5OTUiLDUzMTI1LCIxODU3MzAxNiIsIjE4Njg1NTI5IiwiNTU0MTkiXSwidCI6IkJlbmdhbHVydSYjMDM5O3MgRmluZXN0ICJ9fQ==
127,Cloud Cafe,18366664,https://www.zomato.com/bangalore/cloud-cafe-nagarbhavi?zrp_bid=0&zrp_pid=14&context=eyJjIjp7ImUiOls1OTg0MCw1MDYzMywxODM0NjM2NSwiMTg3ODIyOTkiLDE4MzY2NjY0LCI1Mzg3MiIsIjU1NDUzIiwiMTg2MjE4ODAiLCIxODc2NTExOSIsIjE4NjY0OTk1Iiw1MzEyNSwiMTg1NzMwMTYiLCIxODY4NTUyOSIsIjU1NDE5IiwxODUxMjQwNl0sInQiOiJCZW5nYWx1cnUmIzAzOTtzIEZpbmVzdCAifX0=
128,Windmills Craftworks,53872,https://www.zomato.com/bangalore/windmills-craftworks-whitefield?zrp_bid=0&zrp_pid=14&context=eyJjIjp7ImUiOls1MDYzMywxODM0NjM2NSwiMTg3ODIyOTkiLCIxODM2NjY2NCIsNTM4NzIsIjU1NDUzIiwiMTg2MjE4ODAiLCIxODc2NTExOSIsIjE4NjY0OTk1Iiw1MzEyNSwiMTg1NzMwMTYiLCIxODY4NTUyOSIsIjU1NDE5IiwxODUxMjQwNiwiMTg2MDg5OTIiXSwidCI6IkJlbmdhbHVydSYjMDM5O3MgRmluZXN0ICJ9fQ==
129,Chikkanna Tiffin Room,55453,https://www.zomato.com/bangalore/chikkanna-tiffin-room-city-market?zrp_bid=0&zrp_pid=14&context=eyJjIjp7ImUiOlsxODM0NjM2NSwiMTg3ODIyOTkiLCIxODM2NjY2NCIsIjUzODcyIiw1NTQ1MywiMTg2MjE4ODAiLCIxODc2NTExOSIsIjE4NjY0OTk1Iiw1MzEyNSwiMTg1NzMwMTYiLCIxODY4NTUyOSIsIjU1NDE5IiwxODUxMjQwNiwiMTg2MDg5OTIiLCIxODYyNTQyMCJdLCJ0IjoiQmVuZ2FsdXJ1JiMwMzk7cyBGaW5lc3QgIn19
130,Foxtrot,18621880,https://www.zomato.com/bangalore/foxtrot-marathahalli-bangalore?zrp_bid=0&zrp_pid=14&context=eyJjIjp7ImUiOlsiMTg3ODIyOTkiLCIxODM2NjY2NCIsIjUzODcyIiwiNTU0NTMiLDE4NjIxODgwLCIxODc2NTExOSIsIjE4NjY0OTk1Iiw1MzEyNSwiMTg1NzMwMTYiLCIxODY4NTUyOSIsIjU1NDE5IiwxODUxMjQwNiwiMTg2MDg5OTIiLCIxODYyNTQyMCIsIjYwODAzIl0sInQiOiJCZW5nYWx1cnUmIzAzOTtzIEZpbmVzdCAifX0=
131,ANTIGRAVITY,18765119,https://www.zomato.com/bangalore/antigravity-marathahalli-bangalore?zrp_bid=0&zrp_pid=14&context=eyJjIjp7ImUiOlsiMTgzNjY2NjQiLCI1Mzg3MiIsIjU1NDUzIiwiMTg2MjE4ODAiLDE4NzY1MTE5LCIxODY2NDk5NSIsNTMxMjUsIjE4NTczMDE2IiwiMTg2ODU1MjkiLCI1NTQxOSIsMTg1MTI0MDYsIjE4NjA4OTkyIiwiMTg2MjU0MjAiLCI2MDgwMyIsIjE4NzY3ODk3Il0sInQiOiJCZW5nYWx1cnUmIzAzOTtzIEZpbmVzdCAifX0=
132,Lush - Renaissance Hotel...,18664995,https://www.zomato.com/bangalore/lush-renaissance-hotel-bengaluru-race-course-road-bangalore?zrp_bid=0&zrp_pid=14&context=eyJjIjp7ImUiOlsiNTM4NzIiLCI1NTQ1MyIsIjE4NjIxODgwIiwiMTg3NjUxMTkiLDE4NjY0OTk1LDUzMTI1LCIxODU3MzAxNiIsIjE4Njg1NTI5IiwiNTU0MTkiLDE4NTEyNDA2LCIxODYwODk5MiIsIjE4NjI1NDIwIiwiNjA4MDMiLCIxODc2Nzg5NyIsIjE4NTM3NTg1Il0sInQiOiJCZW5nYWx1cnUmIzAzOTtzIEZpbmVzdCAifX0=
133,Pasta Street,53125,https://www.zomato.com/bangalore/restaurants/pasta-street?filterby_collection_id=274852&zrp_bid=0&zrp_pid=14
134,Nakkshatra,18573016,https://www.zomato.com/bangalore/nakkshatra-marathahalli?zrp_bid=0&zrp_pid=14&context=eyJjIjp7ImUiOlsiMTg2MjE4ODAiLCIxODc2NTExOSIsIjE4NjY0OTk1Iiw1MzEyNSwxODU3MzAxNiwiMTg2ODU1MjkiLCI1NTQxOSIsMTg1MTI0MDYsIjE4NjA4OTkyIiwiMTg2MjU0MjAiLCI2MDgwMyIsIjE4NzY3ODk3IiwiMTg1Mzc1ODUiLCIxODYyMjI2OCIsIjE4MjAyOTkxIl0sInQiOiJCZW5nYWx1cnUmIzAzOTtzIEZpbmVzdCAifX0=
135,The Asian Curry House,18685529,https://www.zomato.com/bangalore/the-asian-curry-house-malleshwaram-bangalore?zrp_bid=0&zrp_pid=14&context=eyJjIjp7ImUiOlsiMTg3NjUxMTkiLCIxODY2NDk5NSIsNTMxMjUsIjE4NTczMDE2IiwxODY4NTUyOSwiNTU0MTkiLDE4NTEyNDA2LCIxODYwODk5MiIsIjE4NjI1NDIwIiwiNjA4MDMiLCIxODc2Nzg5NyIsIjE4NTM3NTg1IiwiMTg2MjIyNjgiLCIxODIwMjk5MSIsIjU1OTA4Il0sInQiOiJCZW5nYWx1cnUmIzAzOTtzIEZpbmVzdCAifX0=
136,Yauatcha,55419,https://www.zomato.com/bangalore/yauatcha-mg-road?zrp_bid=0&zrp_pid=14&context=eyJjIjp7ImUiOlsiMTg2NjQ5OTUiLDUzMTI1LCIxODU3MzAxNiIsIjE4Njg1NTI5Iiw1NTQxOSwxODUxMjQwNiwiMTg2MDg5OTIiLCIxODYyNTQyMCIsIjYwODAzIiwiMTg3Njc4OTciLCIxODUzNzU4NSIsIjE4NjIyMjY4IiwiMTgyMDI5OTEiLCI1NTkwOCIsIjUyNDU5Il0sInQiOiJCZW5nYWx1cnUmIzAzOTtzIEZpbmVzdCAifX0=
137,Belgian Waffle Factory,18512406,https://www.zomato.com/bangalore/restaurants/belgian-waffle-factory?filterby_collection_id=274852&zrp_bid=0&zrp_pid=14
138,Chinita Real Mexican Food,18608992,https://www.zomato.com/bangalore/chinita-real-mexican-food-koramangala-5th-block?zrp_bid=0&zrp_pid=14&context=eyJjIjp7ImUiOlsiMTg1NzMwMTYiLCIxODY4NTUyOSIsIjU1NDE5IiwxODUxMjQwNiwxODYwODk5MiwiMTg2MjU0MjAiLCI2MDgwMyIsIjE4NzY3ODk3IiwiMTg1Mzc1ODUiLCIxODYyMjI2OCIsIjE4MjAyOTkxIiwiNTU5MDgiLCI1MjQ1OSIsNTAzMDYsIjE4MTYwMDkzIl0sInQiOiJCZW5nYWx1cnUmIzAzOTtzIEZpbmVzdCAifX0=
139,Burma Burma,18625420,https://www.zomato.com/bangalore/burma-burma-indiranagar-bangalore?zrp_bid=0&zrp_pid=14&context=eyJjIjp7ImUiOlsiMTg2ODU1MjkiLCI1NTQxOSIsMTg1MTI0MDYsIjE4NjA4OTkyIiwxODYyNTQyMCwiNjA4MDMiLCIxODc2Nzg5NyIsIjE4NTM3NTg1IiwiMTg2MjIyNjgiLCIxODIwMjk5MSIsIjU1OTA4IiwiNTI0NTkiLDUwMzA2LCIxODE2MDA5MyIsIjE4MzkxMDIwIl0sInQiOiJCZW5nYWx1cnUmIzAzOTtzIEZpbmVzdCAifX0=
140,Mudpipe Cafe,60803,https://www.zomato.com/bangalore/mudpipe-cafe-btm?zrp_bid=0&zrp_pid=14&context=eyJjIjp7ImUiOlsiNTU0MTkiLDE4NTEyNDA2LCIxODYwODk5MiIsIjE4NjI1NDIwIiw2MDgwM10sInQiOiJCZW5nYWx1cnUmIzAzOTtzIEZpbmVzdCAifX0=
